Post,Region,Fiscal Year,Total Volunteers and Trainees,Total Early Terminations (ET),ET Rate
BENIN,AFRICA,2017,153,13,8.50%
BOTSWANA,AFRICA,2017,257,23,8.95%
BURKINA FASO,AFRICA,2017,182,31,17.03%
CAMEROON,AFRICA,2017,210,22,10.48%
COMOROS,AFRICA,2017,57,4,7.02%
ETHIOPIA,AFRICA,2017,236,66,27.97%
GAMBIA,AFRICA,2017,128,14,10.94%
GHANA,AFRICA,2017,240,36,15.00%
GUINEA,AFRICA,2017,139,21,15.11%
LESOTHO,AFRICA,2017,189,11,5.82%
LIBERIA,AFRICA,2017,108,12,11.11%
MADAGASCAR,AFRICA,2017,228,19,8.33%
MALAWI,AFRICA,2017,157,11,7.01%
MOZAMBIQUE,AFRICA,2017,349,23,6.59%
NAMIBIA,AFRICA,2017,222,27,12.16%
RWANDA,AFRICA,2017,229,21,9.17%
SENEGAL,AFRICA,2017,400,38,9.50%
SIERRA LEONE,AFRICA,2017,63,13,20.63%
SOUTH AFRICA,AFRICA,2017,196,26,13.27%
SWAZILAND,AFRICA,2017,122,18,14.75%
TANZANIA,AFRICA,2017,315,25,7.94%
TOGO,AFRICA,2017,140,17,12.14%
UGANDA,AFRICA,2017,228,24,10.53%
ZAMBIA,AFRICA,2017,367,34,9.26%
ALBANIA,EMA,2017,142,13,9.15%
ARMENIA,EMA,2017,139,8,5.76%
CAMBODIA,EMA,2017,200,36,18.00%
CHINA,EMA,2017,216,18,8.33%
GEORGIA,EMA,2017,165,15,9.09%
INDONESIA,EMA,2017,178,15,8.43%
KOSOVO,EMA,2017,100,13,13.00%
KYRGYZSTAN,EMA,2017,119,8,6.72%
MACEDONIA,EMA,2017,172,16,9.30%
MOLDOVA,EMA,2017,164,16,9.76%
MONGOLIA,EMA,2017,170,14,8.24%
MOROCCO,EMA,2017,276,26,9.42%
MYANMAR,EMA,2017,21,1,4.76%
NEPAL,EMA,2017,104,5,4.81%
PHILIPPINES,EMA,2017,203,33,16.26%
THAILAND,EMA,2017,171,22,12.87%
TIMOR-LESTE,EMA,2017,66,8,12.12%
UKRAINE,EMA,2017,348,24,6.90%
BELIZE,IAP,2017,62,10,16.13%
COLOMBIA,IAP,2017,115,15,13.04%
COSTA RICA,IAP,2017,169,19,11.24%
DOMINICAN REPUBLIC,IAP,2017,228,19,8.33%
EASTERN CARIBBEAN,IAP,2017,89,10,11.24%
ECUADOR,IAP,2017,174,17,9.77%
FIJI,IAP,2017,125,20,16.00%
GUATEMALA,IAP,2017,153,20,13.07%
GUYANA,IAP,2017,113,24,21.24%
JAMAICA,IAP,2017,93,13,13.98%
MEXICO,IAP,2017,84,11,13.10%
MICRONESIA,IAP,2017,45,8,17.78%
NICARAGUA,IAP,2017,231,19,8.23%
PANAMA,IAP,2017,285,27,9.47%
PARAGUAY,IAP,2017,323,22,6.81%
PERU,IAP,2017,282,35,12.41%
SAMOA,IAP,2017,65,6,9.23%
TONGA,IAP,2017,72,5,6.94%
VANUATU,IAP,2017,101,17,16.83%
AFRICA,AFRICA,2017,4915,549,11.17%
EMA,EMA,2017,2954,291,9.85%
IAP,IAP,2017,2809,317,11.29%
GLOBAL,GLOBAL,2017,10678,1157,10.84%
BENIN,AFRICA,2016,145,28,19.31%
BOTSWANA,AFRICA,2016,255,29,11.37%
BURKINA FASO,AFRICA,2016,169,31,18.34%
CAMEROON,AFRICA,2016,222,27,12.16%
COMOROS,AFRICA,2016,43,5,11.63%
ETHIOPIA,AFRICA,2016,345,56,16.23%
GAMBIA,AFRICA,2016,136,27,19.85%
GHANA,AFRICA,2016,209,22,10.53%
GUINEA,AFRICA,2016,82,7,8.54%
LESOTHO,AFRICA,2016,177,15,8.47%
LIBERIA,AFRICA,2016,53,3,5.66%
MADAGASCAR,AFRICA,2016,217,29,13.36%
MALAWI,AFRICA,2016,153,18,11.76%
MALI,AFRICA,2016,7,1,14.29%
MOZAMBIQUE,AFRICA,2016,327,30,9.17%
NAMIBIA,AFRICA,2016,227,13,5.73%
RWANDA,AFRICA,2016,201,12,5.97%
SENEGAL,AFRICA,2016,423,33,7.80%
SIERRA LEONE,AFRICA,2016,16,1,6.25%
SOUTH AFRICA,AFRICA,2016,207,40,19.32%
SWAZILAND,AFRICA,2016,126,14,11.11%
TANZANIA,AFRICA,2016,301,25,8.31%
TOGO,AFRICA,2016,130,10,7.69%
UGANDA,AFRICA,2016,232,25,10.78%
ZAMBIA,AFRICA,2016,362,38,10.50%
ALBANIA,EMA,2016,145,11,7.59%
ARMENIA,EMA,2016,117,15,12.82%
CAMBODIA,EMA,2016,180,26,14.44%
CHINA,EMA,2016,224,14,6.25%
GEORGIA,EMA,2016,156,6,3.85%
INDONESIA,EMA,2016,193,25,12.95%
KOSOVO,EMA,2016,93,13,13.98%
KYRGYZSTAN,EMA,2016,129,14,10.85%
MACEDONIA,EMA,2016,165,20,12.12%
MOLDOVA,EMA,2016,174,27,15.52%
MONGOLIA,EMA,2016,191,27,14.14%
MOROCCO,EMA,2016,290,46,15.86%
MYANMAR,EMA,2016,6,,0.00%
NEPAL,EMA,2016,94,12,12.77%
PHILIPPINES,EMA,2016,229,40,17.47%
THAILAND,EMA,2016,169,29,17.16%
TIMOR-LESTE,EMA,2016,52,7,13.46%
UKRAINE,EMA,2016,209,14,6.70%
BELIZE,IAP,2016,57,5,8.77%
COLOMBIA,IAP,2016,90,9,10.00%
COSTA RICA,IAP,2016,189,20,10.58%
DOMINICAN REPUBLIC,IAP,2016,245,37,15.10%
EASTERN CARIBBEAN,IAP,2016,80,7,8.75%
ECUADOR,IAP,2016,157,28,17.83%
EL SALVADOR,IAP,2016,45,2,4.44%
FIJI,IAP,2016,112,8,7.14%
GUATEMALA,IAP,2016,157,26,16.56%
GUYANA,IAP,2016,106,12,11.32%
JAMAICA,IAP,2016,92,13,14.13%
MEXICO,IAP,2016,81,4,4.94%
MICRONESIA,IAP,2016,45,8,17.78%
NICARAGUA,IAP,2016,260,40,15.38%
PANAMA,IAP,2016,292,19,6.51%
PARAGUAY,IAP,2016,322,18,5.59%
PERU,IAP,2016,340,35,10.29%
SAMOA,IAP,2016,38,7,18.42%
TONGA,IAP,2016,63,3,4.76%
VANUATU,IAP,2016,88,10,11.36%
AFRICA,AFRICA,2016,4765,539,11.31%
EMA,EMA,2016,2816,346,12.29%
IAP,IAP,2016,2859,311,10.88%
WORLDWIDE TOTAL,WORLDWIDE TOTAL,2016,10440,1196,11.46%
KOSOVO,EMA,2015,63,4,6.35%
GEORGIA,EMA,2015,140,13,9.29%
MACEDONIA,EMA,2015,158,9,5.70%
MOLDOVA,EMA,2015,187,28,14.97%
CAMBODIA,EMA,2015,161,25,15.53%
ALBANIA,EMA,2015,130,9,6.92%
ARMENIA,EMA,2015,111,7,6.31%
KYRGYZSTAN,EMA,2015,143,15,10.49%
MONGOLIA,EMA,2015,205,33,16.10%
AZERBAIJAN,EMA,2015,47,5,10.64%
CHINA,EMA,2015,214,14,6.54%
NEPAL,EMA,2015,100,10,10.00%
MOROCCO,EMA,2015,278,21,7.55%
MICRONESIA,IAP,2015,51,7,13.73%
FIJI,IAP,2015,97,9,9.28%
TONGA,IAP,2015,55,1,1.82%
JORDAN,EMA,2015,44,1,2.27%
VANUATU,IAP,2015,87,15,17.24%
SAMOA,IAP,2015,36,11,30.56%
PHILIPPINES,EMA,2015,221,20,9.05%
THAILAND,EMA,2015,162,22,13.58%
INDONESIA,EMA,2015,176,16,9.09%
GUYANA,IAP,2015,94,14,14.89%
MEXICO,IAP,2015,90,11,12.22%
COLOMBIA,IAP,2015,78,18,23.08%
COSTA RICA,IAP,2015,177,14,7.91%
DOMINICAN REPUBLIC,IAP,2015,246,27,10.98%
ECUADOR,IAP,2015,186,31,16.67%
EL SALVADOR,IAP,2015,76,7,9.21%
GUATEMALA,IAP,2015,172,18,10.47%
NICARAGUA,IAP,2015,238,24,10.08%
PANAMA,IAP,2015,294,19,6.46%
PARAGUAY,IAP,2015,318,17,5.35%
PERU,IAP,2015,335,31,9.25%
JAMAICA,IAP,2015,82,11,13.41%
BELIZE,IAP,2015,51,4,7.84%
EASTERN CARIBBEAN,IAP,2015,91,9,9.89%
ZAMBIA,AFRICA,2015,357,32,8.96%
MALAWI,AFRICA,2015,163,15,9.20%
UGANDA,AFRICA,2015,223,18,8.07%
COMOROS,AFRICA,2015,20,2,10.00%
TANZANIA,AFRICA,2015,277,20,7.22%
LESOTHO,AFRICA,2015,135,18,13.33%
GAMBIA,AFRICA,2015,114,8,7.02%
SIERRA LEONE,AFRICA,2015,98,0,0.00%
BOTSWANA,AFRICA,2015,240,30,12.50%
MOZAMBIQUE,AFRICA,2015,309,24,7.77%
GHANA,AFRICA,2015,193,20,10.36%
SWAZILAND,AFRICA,2015,124,8,6.45%
ETHIOPIA,AFRICA,2015,343,40,11.66%
LIBERIA,AFRICA,2015,90,0,0.00%
SOUTH AFRICA,AFRICA,2015,208,24,11.54%
GUINEA,AFRICA,2015,82,0,0.00%
BENIN,AFRICA,2015,158,34,21.52%
MADAGASCAR,AFRICA,2015,206,16,7.77%
SENEGAL,AFRICA,2015,388,23,5.93%
BURKINA FASO,AFRICA,2015,165,18,10.91%
MALI,AFRICA,2015,28,1,3.57%
TOGO,AFRICA,2015,124,10,8.06%
CAMEROON,AFRICA,2015,263,25,9.51%
RWANDA,AFRICA,2015,202,42,20.79%
NAMIBIA,AFRICA,2015,216,30,13.89%
AFRICA TOTAL,AFRICA TOTAL,2015,4726,458,9.69%
EMA TOTAL,EMA TOTAL,2015,2540,252,9.92%
IAP TOTAL,IAP TOTAL,2015,2854,298,10.44%
WORLDWIDE TOTAL,WORLDWIDE TOTAL,2015,10120,1008,9.96%
BENIN,AFRICA,2014,179,20,11.20%
BOTSWANA,AFRICA,2014,231,16,6.90%
BURKINA FASO,AFRICA,2014,168,24,14.30%
CAMEROON,AFRICA,2014,295,23,7.80%
ETHIOPIA,AFRICA,2014,333,37,11.10%
GAMBIA,AFRICA,2014,111,4,3.60%
GHANA,AFRICA,2014,188,22,11.70%
GUINEA,AFRICA,2014,138,12,8.70%
KENYA,AFRICA,2014,89,10,11.20%
LESOTHO,AFRICA,2014,125,13,10.40%
LIBERIA,AFRICA,2014,122,3,2.50%
MADAGASCAR,AFRICA,2014,200,15,7.50%
MALAWI,AFRICA,2014,161,19,11.80%
MOZAMBIQUE,AFRICA,2014,299,17,5.70%
NAMIBIA,AFRICA,2014,199,18,9.00%
RWANDA,AFRICA,2014,182,23,12.60%
SENEGAL,AFRICA,2014,394,33,8.40%
SIERRA LEONE,AFRICA,2014,135,6,4.40%
SOUTH AFRICA,AFRICA,2014,199,28,14.10%
SWAZILAND,AFRICA,2014,119,8,6.70%
TANZANIA,AFRICA,2014,260,20,7.70%
TOGO,AFRICA,2014,125,9,7.20%
UGANDA,AFRICA,2014,211,27,12.80%
ZAMBIA,AFRICA,2014,375,30,8.00%
ALBANIA,EMA,2014,122,10,8.20%
ARMENIA,EMA,2014,110,10,9.10%
AZERBAIJAN,EMA,2014,107,12,11.20%
CAMBODIA,EMA,2014,159,25,15.70%
CHINA,EMA,2014,224,10,4.50%
GEORGIA,EMA,2014,123,5,4.10%
INDONESIA,EMA,2014,153,4,2.60%
JORDAN,EMA,2014,53,1,1.90%
KOSOVO,EMA,2014,26,0,0.00%
KYRGYZSTAN,EMA,2014,127,21,16.50%
MACEDONIA,EMA,2014,151,9,6.00%
MOLDOVA,EMA,2014,184,25,13.60%
MONGOLIA,EMA,2014,201,12,6.00%
MOROCCO,EMA,2014,319,29,9.10%
NEPAL,EMA,2014,74,7,9.50%
PHILIPPINES,EMA,2014,221,32,14.50%
THAILAND,EMA,2014,138,18,13.00%
UKRAINE,EMA,2014,286,9,3.10%
BELIZE,IAP,2014,38,5,13.20%
COLOMBIA,IAP,2014,101,8,7.90%
COSTA RICA,IAP,2014,172,9,5.20%
DOMINICAN REPUBLIC,IAP,2014,267,33,12.40%
EASTERN CARIBBEAN,IAP,2014,85,4,4.70%
ECUADOR,IAP,2014,184,21,11.40%
EL SALVADOR,IAP,2014,56,8,14.30%
FIJI,IAP,2014,88,19,21.60%
GUATEMALA,IAP,2014,125,12,9.60%
GUYANA,IAP,2014,86,14,16.30%
JAMAICA,IAP,2014,86,16,18.60%
MEXICO,IAP,2014,87,7,8.00%
MICRONESIA,IAP,2014,56,7,12.50%
NICARAGUA,IAP,2014,251,19,7.60%
PANAMA,IAP,2014,311,16,5.10%
PARAGUAY,IAP,2014,337,26,7.70%
PERU,IAP,2014,348,22,6.30%
SAMOA,IAP,2014,29,8,27.60%
TONGA,IAP,2014,47,5,10.60%
VANUATU,IAP,2014,93,5,5.40%
AFRICA TOTAL,AFRICA TOTAL,2014,4838,437,9.00%
EMA TOTAL,EMA TOTAL,2014,2778,239,8.60%
IAP TOTAL,IAP TOTAL,2014,2847,264,9.30%
WORLDWIDE TOTAL,WORLDWIDE TOTAL,2014,10463,940,9.00%
BENIN,AFRICA,2013,173,17,9.80%
BOTSWANA,AFRICA,2013,205,23,11.20%
BURKINA FASO,AFRICA,2013,197,12,6.10%
CAMEROON,AFRICA,2013,317,26,8.20%
ETHIOPIA,AFRICA,2013,286,19,6.60%
GAMBIA,AFRICA,2013,117,9,7.70%
GHANA,AFRICA,2013,233,18,7.70%
GUINEA,AFRICA,2013,117,21,17.90%
KENYA,AFRICA,2013,190,34,17.90%
LESOTHO,AFRICA,2013,113,11,9.70%
LIBERIA,AFRICA,2013,92,9,9.80%
MADAGASCAR,AFRICA,2013,195,9,4.60%
MALAWI,AFRICA,2013,167,12,7.20%
MOZAMBIQUE,AFRICA,2013,303,6,2.00%
NAMIBIA,AFRICA,2013,201,20,10.00%
RWANDA,AFRICA,2013,217,30,13.80%
SENEGAL,AFRICA,2013,379,24,6.30%
SIERRA LEONE,AFRICA,2013,129,9,7.00%
SOUTH AFRICA,AFRICA,2013,236,30,12.70%
SWAZILAND,AFRICA,2013,109,8,7.30%
TANZANIA,AFRICA,2013,250,23,9.20%
TOGO,AFRICA,2013,127,8,6.30%
UGANDA,AFRICA,2013,212,25,11.80%
ZAMBIA,AFRICA,2013,368,27,7.30%
ALBANIA,EMA,2013,116,5,4.30%
ARMENIA,EMA,2013,113,10,8.80%
AZERBAIJAN,EMA,2013,177,9,5.10%
BULGARIA,EMA,2013,43,0,0.00%
CAMBODIA,EMA,2013,164,20,12.20%
CHINA,EMA,2013,215,10,4.70%
GEORGIA,EMA,2013,112,6,5.40%
INDONESIA,EMA,2013,117,6,5.10%
JORDAN,EMA,2013,84,9,10.70%
KYRGYZSTAN,EMA,2013,121,13,10.70%
MACEDONIA,EMA,2013,140,6,4.30%
MOLDOVA,EMA,2013,161,19,11.80%
MONGOLIA,EMA,2013,185,15,8.10%
MOROCCO,EMA,2013,331,18,5.40%
NEPAL,EMA,2013,47,4,8.50%
PHILIPPINES,EMA,2013,289,12,4.20%
ROMANIA,EMA,2013,38,1,2.60%
THAILAND,EMA,2013,154,15,9.70%
UKRAINE,EMA,2013,552,20,3.60%
BELIZE,IAP,2013,53,11,20.80%
COLOMBIA,IAP,2013,80,10,12.50%
COSTA RICA,IAP,2013,186,9,4.80%
DOMINICAN REPUBLIC,IAP,2013,287,20,7.00%
EASTERN CARIBBEAN,IAP,2013,111,6,5.40%
ECUADOR,IAP,2013,203,17,8.40%
EL SALVADOR,IAP,2013,51,1,2.00%
FIJI,IAP,2013,77,8,10.40%
GUATEMALA,IAP,2013,151,12,7.90%
GUYANA,IAP,2013,88,12,13.60%
JAMAICA,IAP,2013,90,15,16.70%
MEXICO,IAP,2013,106,13,12.30%
MICRONESIA,IAP,2013,58,2,3.40%
NICARAGUA,IAP,2013,305,31,10.20%
PANAMA,IAP,2013,330,4,1.20%
PARAGUAY,IAP,2013,351,13,3.70%
PERU,IAP,2013,356,24,6.70%
SAMOA,IAP,2013,32,0,0.00%
SURINAME,IAP,2013,20,0,0.00%
TONGA,IAP,2013,49,0,0.00%
VANUATU,IAP,2013,95,5,5.30%
AFRICA TOTAL,AFRICA TOTAL,2013,4933,430,8.70%
EMA TOTAL,EMA TOTAL,2013,3159,198,6.30%
IAP TOTAL,IAP TOTAL,2013,3079,213,6.90%
WORLDWIDE TOTAL,WORLDWIDE TOTAL,2013,11171,841,7.50%
BENIN,AFRICA,2012,177,15,8.50%
BOTSWANA,AFRICA,2012,202,14,6.90%
BURKINA FASO,AFRICA,2012,225,16,7.10%
CAMEROON,AFRICA,2012,314,20,6.40%
CAPE VERDE,AFRICA,2012,29,4,13.80%
ETHIOPIA,AFRICA,2012,224,28,12.50%
GAMBIA,AFRICA,2012,144,8,5.60%
GHANA,AFRICA,2012,222,19,8.60%
GUINEA,AFRICA,2012,84,10,11.90%
KENYA,AFRICA,2012,189,17,9.00%
LESOTHO,AFRICA,2012,105,5,4.80%
LIBERIA,AFRICA,2012,68,5,7.40%
MADAGASCAR,AFRICA,2012,202,8,4.00%
MALAWI,AFRICA,2012,177,21,11.90%
MALI,AFRICA,2012,166,13,7.80%
MOZAMBIQUE,AFRICA,2012,306,26,8.50%
NAMIBIA,AFRICA,2012,197,22,11.20%
RWANDA,AFRICA,2012,222,28,12.60%
SENEGAL,AFRICA,2012,383,21,5.50%
SIERRA LEONE,AFRICA,2012,128,11,8.60%
SOUTH AFRICA,AFRICA,2012,259,31,12.00%
SWAZILAND,AFRICA,2012,111,9,8.10%
TANZANIA,AFRICA,2012,234,17,7.30%
TOGO,AFRICA,2012,158,8,5.10%
UGANDA,AFRICA,2012,219,28,12.80%
ZAMBIA,AFRICA,2012,376,26,6.90%
ALBANIA,EMA,2012,132,7,5.30%
ARMENIA,EMA,2012,140,16,11.40%
AZERBAIJAN,EMA,2012,204,7,3.40%
BULGARIA,EMA,2012,127,5,3.90%
CAMBODIA,EMA,2012,164,18,11.00%
CHINA,EMA,2012,236,15,6.40%
GEORGIA,EMA,2012,112,10,8.90%
INDONESIA,EMA,2012,90,10,11.10%
JORDAN,EMA,2012,98,11,11.20%
KAZAKHSTAN,EMA,2012,119,4,3.40%
KYRGYZSTAN,EMA,2012,127,4,3.10%
MACEDONIA,EMA,2012,142,9,6.30%
MOLDOVA,EMA,2012,186,22,11.80%
MONGOLIA,EMA,2012,204,11,5.40%
MOROCCO,EMA,2012,376,40,10.60%
NEPAL,EMA,2012,20,0,0.00%
PHILIPPINES,EMA,2012,298,28,9.40%
ROMANIA,EMA,2012,76,5,6.60%
THAILAND,EMA,2012,158,12,7.60%
TURKMENISTAN,EMA,2012,25,1,4.00%
UKRAINE,EMA,2012,654,35,5.40%
BELIZE,IAP,2012,84,15,17.90%
COLOMBIA,IAP,2012,54,3,5.60%
COSTA RICA,IAP,2012,192,9,4.70%
DOMINICAN REPUBLIC,IAP,2012,302,19,6.30%
EASTERN CARIBBEAN,IAP,2012,136,10,7.40%
ECUADOR,IAP,2012,275,38,13.80%
EL SALVADOR,IAP,2012,112,4,3.60%
FIJI,IAP,2012,81,7,8.60%
GUATEMALA,IAP,2012,241,14,5.80%
GUYANA,IAP,2012,89,10,11.20%
HONDURAS,IAP,2012,163,8,4.90%
JAMAICA,IAP,2012,94,12,12.80%
MEXICO,IAP,2012,116,14,12.10%
MICRONESIA,IAP,2012,58,6,10.30%
NICARAGUA,IAP,2012,330,18,5.50%
PANAMA,IAP,2012,324,20,6.20%
PARAGUAY,IAP,2012,366,15,4.10%
PERU,IAP,2012,401,36,9.00%
SAMOA,IAP,2012,36,1,2.80%
SURINAME,IAP,2012,46,2,4.30%
TONGA,IAP,2012,55,4,7.30%
VANUATU,IAP,2012,100,3,3.00%
AFRICA TOTAL,AFRICA TOTAL,2012,5121,430,8.40%
EMA TOTAL,EMA TOTAL,2012,3688,270,7.30%
IAP TOTAL,IAP TOTAL,2012,3655,268,7.30%
WORLDWIDE TOTAL,WORLDWIDE TOTAL,2012,12464,968,7.80%
BENIN,AFRICA,2011,162,24,14.80%
BOTSWANA,AFRICA,2011,183,22,12.00%
BURKINA FASO,AFRICA,2011,217,17,7.80%
CAMEROON,AFRICA,2011,284,6,2.10%
CAPE VERDE,AFRICA,2011,80,5,6.30%
ETHIOPIA,AFRICA,2011,170,10,5.90%
GAMBIA,AFRICA,2011,131,11,8.40%
GHANA,AFRICA,2011,234,9,3.80%
GUINEA,AFRICA,2011,29,2,6.90%
KENYA,AFRICA,2011,198,35,17.70%
LESOTHO,AFRICA,2011,111,19,17.10%
LIBERIA,AFRICA,2011,36,5,13.90%
MADAGASCAR,AFRICA,2011,173,16,9.20%
MALAWI,AFRICA,2011,179,16,8.90%
MALI,AFRICA,2011,255,30,11.80%
MOZAMBIQUE,AFRICA,2011,278,22,7.90%
NAMIBIA,AFRICA,2011,199,21,10.60%
NIGER,AFRICA,2011,86,3,3.50%
RWANDA,AFRICA,2011,222,25,11.30%
SENEGAL,AFRICA,2011,334,18,5.40%
SIERRA LEONE,AFRICA,2011,86,4,4.70%
SOUTH AFRICA,AFRICA,2011,249,23,9.20%
SWAZILAND,AFRICA,2011,105,13,12.40%
TANZANIA,AFRICA,2011,211,19,9.00%
TOGO,AFRICA,2011,163,10,6.10%
UGANDA,AFRICA,2011,233,12,5.20%
ZAMBIA,AFRICA,2011,308,24,7.80%
ALBANIA,EMA,2011,123,12,9.80%
ARMENIA,EMA,2011,136,10,7.40%
AZERBAIJAN,EMA,2011,212,7,3.30%
BULGARIA,EMA,2011,200,17,8.50%
CAMBODIA,EMA,2011,149,13,8.70%
CHINA,EMA,2011,221,17,7.70%
GEORGIA,EMA,2011,103,7,6.80%
INDONESIA,EMA,2011,49,6,12.20%
JORDAN,EMA,2011,80,15,18.80%
KAZAKHSTAN,EMA,2011,221,24,10.90%
KYRGYZSTAN,EMA,2011,125,11,8.80%
MACEDONIA,EMA,2011,139,9,6.50%
MOLDOVA,EMA,2011,172,11,6.40%
MONGOLIA,EMA,2011,199,17,8.50%
MOROCCO,EMA,2011,388,26,6.70%
PHILIPPINES,EMA,2011,311,35,11.30%
ROMANIA,EMA,2011,127,14,11.00%
THAILAND,EMA,2011,161,17,10.60%
TURKMENISTAN,EMA,2011,64,9,14.10%
UKRAINE,EMA,2011,672,41,6.10%
BELIZE,IAP,2011,123,27,22.00%
COSTA RICA,IAP,2011,186,19,10.20%
DOMINICAN REPUBLIC,IAP,2011,294,14,4.80%
EASTERN CARIBBEAN,IAP,2011,156,8,5.10%
ECUADOR,IAP,2011,299,32,10.70%
EL SALVADOR,IAP,2011,194,12,6.20%
FIJI,IAP,2011,90,12,13.30%
GUATEMALA,IAP,2011,343,33,9.60%
GUYANA,IAP,2011,92,9,9.80%
HONDURAS,IAP,2011,246,39,15.90%
JAMAICA,IAP,2011,98,12,12.20%
MEXICO,IAP,2011,98,3,3.10%
MICRONESIA,IAP,2011,69,11,15.90%
NICARAGUA,IAP,2011,343,26,7.60%
PANAMA,IAP,2011,303,25,8.30%
PARAGUAY,IAP,2011,336,17,5.10%
PERU,IAP,2011,385,17,4.40%
SAMOA,IAP,2011,51,2,3.90%
SURINAME,IAP,2011,68,4,5.90%
TONGA,IAP,2011,62,7,11.30%
VANUATU,IAP,2011,97,9,9.30%
AFRICA TOTAL,AFRICA TOTAL,2011,4916,421,8.60%
EMA TOTAL,EMA TOTAL,2011,3852,318,8.30%
IAP TOTAL,IAP TOTAL,2011,3933,338,8.60%
WORLDWIDE TOTAL,WORLDWIDE TOTAL,2011,12701,1077,8.50%
BENIN,AFRICA,2010,169,13,7.70%
BOTSWANA,AFRICA,2010,172,18,10.50%
BURKINA FASO,AFRICA,2010,201,12,6.00%
CAMEROON,AFRICA,2010,249,7,2.80%
CAPE VERDE,AFRICA,2010,83,4,4.80%
ETHIOPIA,AFRICA,2010,127,10,7.90%
GAMBIA,AFRICA,2010,129,8,6.20%
GHANA,AFRICA,2010,242,14,5.80%
GUINEA,AFRICA,2010,53,0,0.00%
KENYA,AFRICA,2010,129,13,10.10%
LESOTHO,AFRICA,2010,139,7,5.00%
LIBERIA,AFRICA,2010,24,2,8.30%
MADAGASCAR,AFRICA,2010,116,9,7.80%
MALAWI,AFRICA,2010,194,15,7.70%
MALI,AFRICA,2010,242,14,5.80%
MOZAMBIQUE,AFRICA,2010,255,11,4.30%
NAMIBIA,AFRICA,2010,210,14,6.70%
NIGER,AFRICA,2010,157,31,19.70%
RWANDA,AFRICA,2010,103,12,11.70%
SENEGAL,AFRICA,2010,285,18,6.30%
SIERRA LEONE,AFRICA,2010,39,2,5.10%
SOUTH AFRICA,AFRICA,2010,215,26,12.10%
SWAZILAND,AFRICA,2010,101,10,9.90%
TANZANIA,AFRICA,2010,251,19,7.60%
TOGO,AFRICA,2010,181,19,10.50%
UGANDA,AFRICA,2010,227,18,7.90%
ZAMBIA,AFRICA,2010,254,30,11.80%
ALBANIA,EMA,2010,121,12,9.90%
ARMENIA,EMA,2010,136,10,7.40%
AZERBAIJAN,EMA,2010,188,16,8.50%
BULGARIA,EMA,2010,229,13,5.70%
CAMBODIA,EMA,2010,126,20,15.90%
CHINA,EMA,2010,200,13,6.50%
GEORGIA,EMA,2010,60,2,3.30%
INDONESIA,EMA,2010,20,2,10.00%
JORDAN,EMA,2010,72,17,23.60%
KAZAKHSTAN,EMA,2010,239,24,10.00%
KYRGYZSTAN,EMA,2010,168,42,25.00%
MACEDONIA,EMA,2010,140,7,5.00%
MOLDOVA,EMA,2010,195,23,11.80%
MONGOLIA,EMA,2010,193,28,14.50%
MOROCCO,EMA,2010,399,24,6.00%
PHILIPPINES,EMA,2010,281,17,6.00%
ROMANIA,EMA,2010,151,9,6.00%
THAILAND,EMA,2010,153,20,13.10%
TURKMENISTAN,EMA,2010,107,5,4.70%
UKRAINE,EMA,2010,599,31,5.20%
BELIZE,IAP,2010,113,11,9.70%
COSTA RICA,IAP,2010,166,10,6.00%
DOMINICAN REPUBLIC,IAP,2010,297,16,5.40%
EASTERN CARIBBEAN,IAP,2010,127,9,7.10%
ECUADOR,IAP,2010,274,34,12.40%
EL SALVADOR,IAP,2010,208,13,6.30%
FIJI,IAP,2010,97,8,8.20%
GUATEMALA,IAP,2010,338,28,8.30%
GUYANA,IAP,2010,94,19,20.20%
HONDURAS,IAP,2010,290,31,10.70%
JAMAICA,IAP,2010,112,18,16.10%
MEXICO,IAP,2010,91,2,2.20%
MICRONESIA,IAP,2010,104,11,10.60%
NICARAGUA,IAP,2010,315,29,9.20%
PANAMA,IAP,2010,279,16,5.70%
PARAGUAY,IAP,2010,335,22,6.60%
PERU,IAP,2010,339,15,4.40%
SAMOA,IAP,2010,58,9,15.50%
SURINAME,IAP,2010,64,5,7.80%
TONGA,IAP,2010,66,11,16.70%
VANUATU,IAP,2010,134,8,6.00%
AFRICA TOTAL,AFRICA TOTAL,2010,4547,356,7.80%
EMA TOTAL,EMA TOTAL,2010,3777,335,8.90%
IAP TOTAL,IAP TOTAL,2010,3901,325,8.30%
WORLDWIDE TOTAL,WORLDWIDE TOTAL,2010,12225,1016,8.30%
BENIN,AFRICA,2009,155,14,9.00%
BOTSWANA,AFRICA,2009,162,14,8.60%
BURKINA FASO,AFRICA,2009,160,10,6.30%
CAMEROON,AFRICA,2009,227,7,3.10%
CAPE VERDE,AFRICA,2009,83,0,0.00%
ETHIOPIA,AFRICA,2009,69,15,21.70%
GAMBIA,AFRICA,2009,133,14,10.50%
GHANA,AFRICA,2009,238,17,7.10%
GUINEA,AFRICA,2009,111,9,8.10%
KENYA,AFRICA,2009,94,14,14.90%
LESOTHO,AFRICA,2009,122,6,4.90%
MADAGASCAR,AFRICA,2009,131,8,6.10%
MALAWI,AFRICA,2009,201,14,7.00%
MALI,AFRICA,2009,230,26,11.30%
MAURITANIA,AFRICA,2009,124,19,15.30%
MOZAMBIQUE,AFRICA,2009,232,6,2.60%
NAMIBIA,AFRICA,2009,199,12,6.00%
NIGER,AFRICA,2009,187,16,8.60%
RWANDA,AFRICA,2009,35,6,17.10%
SENEGAL,AFRICA,2009,262,10,3.80%
SOUTH AFRICA,AFRICA,2009,204,46,22.50%
SWAZILAND,AFRICA,2009,85,7,8.20%
TANZANIA,AFRICA,2009,248,34,13.70%
TOGO,AFRICA,2009,194,33,17.00%
UGANDA,AFRICA,2009,224,19,8.50%
ZAMBIA,AFRICA,2009,255,30,11.80%
ALBANIA,EMA,2009,106,8,7.50%
ARMENIA,EMA,2009,126,16,12.70%
AZERBAIJAN,EMA,2009,167,13,7.80%
BULGARIA,EMA,2009,223,16,7.20%
CAMBODIA,EMA,2009,102,6,5.90%
CHINA,EMA,2009,173,8,4.60%
GEORGIA,EMA,2009,30,2,6.70%
JORDAN,EMA,2009,57,16,28.10%
KAZAKHSTAN,EMA,2009,241,19,7.90%
KYRGYZSTAN,EMA,2009,158,32,20.30%
MACEDONIA,EMA,2009,148,8,5.40%
MOLDOVA,EMA,2009,208,31,14.90%
MONGOLIA,EMA,2009,176,27,15.30%
MOROCCO,EMA,2009,382,35,9.20%
PHILIPPINES,EMA,2009,199,21,10.60%
ROMANIA,EMA,2009,187,17,9.10%
THAILAND,EMA,2009,149,13,8.70%
TURKMENISTAN,EMA,2009,150,60,40.00%
UKRAINE,EMA,2009,512,34,6.60%
BELIZE,IAP,2009,113,17,15.00%
BOLIVIA,IAP,2009,3,0,0.00%
COSTA RICA,IAP,2009,147,11,7.50%
DOMINICAN REPUBLIC,IAP,2009,286,21,7.30%
EASTERN CARIBBEAN,IAP,2009,146,33,22.60%
ECUADOR,IAP,2009,243,28,11.50%
EL SALVADOR,IAP,2009,219,19,8.70%
FIJI,IAP,2009,89,10,11.20%
GUATEMALA,IAP,2009,290,18,6.20%
GUYANA,IAP,2009,85,10,11.80%
HONDURAS,IAP,2009,276,36,13.00%
JAMAICA,IAP,2009,122,18,14.80%
MEXICO,IAP,2009,86,7,8.10%
MICRONESIA,IAP,2009,105,13,12.40%
NICARAGUA,IAP,2009,310,24,7.70%
PANAMA,IAP,2009,271,32,11.80%
PARAGUAY,IAP,2009,297,10,3.40%
PERU,IAP,2009,277,17,6.10%
SAMOA,IAP,2009,52,5,9.60%
SURINAME,IAP,2009,65,12,18.50%
TONGA,IAP,2009,64,15,23.40%
VANUATU,IAP,2009,144,11,7.60%
AFRICA TOTAL,AFRICA TOTAL,2009,4365,406,9.30%
EMA TOTAL,EMA TOTAL,2009,3494,382,10.90%
IAP TOTAL,IAP TOTAL,2009,3690,367,9.90%
WORLDWIDE TOTAL,WORLDWIDE TOTAL,2009,11549,1155,10.00%
BENIN,AFRICA,2008,170,32,18.80%
BOTSWANA,AFRICA,2008,141,15,10.60%
BURKINA FASO,AFRICA,2008,156,24,15.40%
CAMEROON,AFRICA,2008,227,23,10.10%
CAPE VERDE,AFRICA,2008,83,7,8.40%
ETHIOPIA,AFRICA,2008,43,12,27.90%
GAMBIA,AFRICA,2008,155,22,14.20%
GHANA,AFRICA,2008,265,38,14.30%
GUINEA,AFRICA,2008,79,9,11.40%
KENYA,AFRICA,2008,193,14,7.30%
LESOTHO,AFRICA,2008,133,8,6.00%
MADAGASCAR,AFRICA,2008,217,24,11.10%
MALAWI,AFRICA,2008,188,16,8.50%
MALI,AFRICA,2008,220,20,9.10%
MAURITANIA,AFRICA,2008,184,12,6.50%
MOZAMBIQUE,AFRICA,2008,221,17,7.70%
NAMIBIA,AFRICA,2008,181,11,6.10%
NIGER,AFRICA,2008,209,41,19.60%
SENEGAL,AFRICA,2008,258,19,7.40%
SOUTH AFRICA,AFRICA,2008,248,30,12.10%
SWAZILAND,AFRICA,2008,77,8,10.40%
TANZANIA,AFRICA,2008,249,19,7.60%
TOGO,AFRICA,2008,208,23,11.10%
UGANDA,AFRICA,2008,197,22,11.20%
ZAMBIA,AFRICA,2008,275,24,8.70%
ALBANIA,EMA,2008,118,15,12.70%
ARMENIA,EMA,2008,133,18,13.50%
AZERBAIJAN,EMA,2008,148,9,6.10%
BULGARIA,EMA,2008,226,15,6.60%
CAMBODIA,EMA,2008,64,7,10.90%
CHINA,EMA,2008,153,7,4.60%
GEORGIA,EMA,2008,120,22,18.30%
JORDAN,EMA,2008,100,19,19.00%
KAZAKHSTAN,EMA,2008,203,23,11.30%
KYRGYZSTAN,EMA,2008,198,42,21.20%
MACEDONIA,EMA,2008,152,15,9.90%
MOLDOVA,EMA,2008,207,22,10.60%
MONGOLIA,EMA,2008,161,17,10.60%
MOROCCO,EMA,2008,353,36,10.20%
PHILIPPINES,EMA,2008,200,11,5.50%
ROMANIA,EMA,2008,223,19,8.50%
THAILAND,EMA,2008,162,18,11.10%
TURKMENISTAN,EMA,2008,135,11,8.10%
UKRAINE,EMA,2008,511,45,8.80%
BELIZE,IAP,2008,109,15,13.80%
BOLIVIA,IAP,2008,184,19,10.30%
COSTA RICA,IAP,2008,152,25,16.40%
DOMINICAN REPUBLIC,IAP,2008,282,28,9.90%
EASTERN CARIBBEAN,IAP,2008,170,27,15.90%
ECUADOR,IAP,2008,231,37,16.00%
EL SALVADOR,IAP,2008,233,27,11.60%
FIJI,IAP,2008,84,8,9.50%
GUATEMALA,IAP,2008,284,17,6.00%
GUYANA,IAP,2008,76,14,18.40%
HONDURAS,IAP,2008,289,31,10.70%
JAMAICA,IAP,2008,156,29,18.60%
KIRIBATI,IAP,2008,18,4,22.20%
MEXICO,IAP,2008,75,8,10.70%
MICRONESIA,IAP,2008,109,11,10.10%
NICARAGUA,IAP,2008,294,24,8.20%
PANAMA,IAP,2008,249,19,7.60%
PARAGUAY,IAP,2008,274,11,4.00%
PERU,IAP,2008,252,16,6.30%
SAMOA,IAP,2008,77,15,19.50%
SURINAME,IAP,2008,70,14,20.00%
TONGA,IAP,2008,65,10,15.40%
VANUATU,IAP,2008,152,16,10.50%
AFRICA TOTAL,AFRICA TOTAL,2008,4577,490,10.70%
EMA TOTAL,EMA TOTAL,2008,3567,371,10.40%
IAP TOTAL,IAP TOTAL,2008,3885,425,10.90%
WORLDWIDE TOTAL,WORLDWIDE TOTAL,2008,12029,1286,10.70%
BENIN,AFRICA,2007,168,17,10.10%
BOTSWANA,AFRICA,2007,117,16,13.70%
BURKINA FASO,AFRICA,2007,156,33,21.20%
CAMEROON,AFRICA,2007,213,18,8.50%
CAPE VERDE,AFRICA,2007,79,9,11.40%
GAMBIA,AFRICA,2007,184,22,12.00%
GHANA,AFRICA,2007,262,27,10.30%
GUINEA,AFRICA,2007,95,7,7.40%
KENYA,AFRICA,2007,264,44,16.70%
LESOTHO,AFRICA,2007,121,10,8.30%
MADAGASCAR,AFRICA,2007,207,22,10.60%
MALAWI,AFRICA,2007,182,20,11.00%
MALI,AFRICA,2007,232,20,8.60%
MAURITANIA,AFRICA,2007,167,14,8.40%
MOZAMBIQUE,AFRICA,2007,201,10,5.00%
NAMIBIA,AFRICA,2007,160,15,9.40%
NIGER,AFRICA,2007,201,21,10.40%
SENEGAL,AFRICA,2007,258,33,12.80%
SOUTH AFRICA,AFRICA,2007,270,24,8.90%
SWAZILAND,AFRICA,2007,84,10,11.90%
TANZANIA,AFRICA,2007,234,22,9.40%
TOGO,AFRICA,2007,198,16,8.10%
UGANDA,AFRICA,2007,137,8,5.80%
ZAMBIA,AFRICA,2007,245,17,6.90%
ALBANIA,EMA,2007,98,6,6.10%
ARMENIA,EMA,2007,125,16,12.80%
AZERBAIJAN,EMA,2007,129,18,14.00%
BULGARIA,EMA,2007,262,33,12.60%
CAMBODIA,EMA,2007,30,3,10.00%
CHINA,EMA,2007,168,13,7.70%
GEORGIA,EMA,2007,127,20,15.70%
JORDAN,EMA,2007,92,13,14.10%
KAZAKHSTAN,EMA,2007,190,17,8.90%
KYRGYZSTAN,EMA,2007,204,41,20.10%
MACEDONIA,EMA,2007,147,7,4.80%
MOLDOVA,EMA,2007,223,39,17.50%
MONGOLIA,EMA,2007,150,18,12.00%
MOROCCO,EMA,2007,326,44,13.50%
PHILIPPINES,EMA,2007,200,17,8.50%
ROMANIA,EMA,2007,212,19,9.00%
THAILAND,EMA,2007,154,13,8.40%
TURKMENISTAN,EMA,2007,120,15,12.50%
UKRAINE,EMA,2007,530,52,9.80%
BELIZE,IAP,2007,100,8,8.00%
BOLIVIA,IAP,2007,223,17,7.60%
COSTA RICA,IAP,2007,146,16,11.00%
DOMINICAN REPUBLIC,IAP,2007,267,20,7.50%
EASTERN CARIBBEAN,IAP,2007,196,14,7.10%
ECUADOR,IAP,2007,245,42,17.10%
EL SALVADOR,IAP,2007,225,10,4.40%
FIJI,IAP,2007,86,16,18.60%
GUATEMALA,IAP,2007,262,17,6.50%
GUYANA,IAP,2007,78,11,14.10%
HONDURAS,IAP,2007,318,37,11.60%
JAMAICA,IAP,2007,164,24,14.60%
KIRIBATI,IAP,2007,57,27,47.40%
MEXICO,IAP,2007,53,5,9.40%
MICRONESIA,IAP,2007,103,10,9.70%
NICARAGUA,IAP,2007,274,21,7.70%
PANAMA,IAP,2007,217,20,9.20%
PARAGUAY,IAP,2007,269,26,9.70%
PERU,IAP,2007,246,21,8.50%
SAMOA,IAP,2007,80,16,20.00%
SURINAME,IAP,2007,61,11,18.00%
TONGA,IAP,2007,67,16,23.90%
VANUATU,IAP,2007,151,16,10.60%
AFRICA TOTAL,AFRICA TOTAL,2007,4435,455,10.30%
EMA TOTAL,EMA TOTAL,2007,3487,404,11.60%
IAP TOTAL,IAP TOTAL,2007,3888,421,10.80%
WORLDWIDE TOTAL,WORLDWIDE TOTAL,2007,11810,1280,10.80%
